frame,t_seconds,main_view,telemetry_panel_visible,trajectory_chart_visible,ground_track_map_visible,control_room_inset_visible,people_visible,onscreen_text_language,clock_state,altitude_raw,speed_raw,distance_raw,vehicle_location,side_boosters_attached,fairing_attached,engine_firing,payload_separated,flight_phase,highlight_worthy,ad_break_safe,notes
f_0000_t000.0.jpg,0,,,,,,,,,,,,,,,,,,,,
f_0001_t005.0.jpg,5,,,,,,,,,,,,,,,,,,,,
f_0002_t010.0.jpg,10,,,,,,,,,,,,,,,,,,,,
f_0003_t015.0.jpg,15,,,,,,,,,,,,,,,,,,,,
f_0004_t020.0.jpg,20,,,,,,,,,,,,,,,,,,,,
f_0005_t025.0.jpg,25,,,,,,,,,,,,,,,,,,,,
f_0006_t030.0.jpg,30,,,,,,,,,,,,,,,,,,,,
f_0007_t035.0.jpg,35,,,,,,,,,,,,,,,,,,,,
f_0008_t040.0.jpg,40,,,,,,,,,,,,,,,,,,,,
f_0009_t045.0.jpg,45,,,,,,,,,,,,,,,,,,,,
f_0010_t050.0.jpg,50,,,,,,,,,,,,,,,,,,,,
f_0011_t055.0.jpg,55,,,,,,,,,,,,,,,,,,,,
f_0012_t060.0.jpg,60,,,,,,,,,,,,,,,,,,,,
f_0013_t065.0.jpg,65,,,,,,,,,,,,,,,,,,,,
f_0014_t070.0.jpg,70,,,,,,,,,,,,,,,,,,,,
f_0015_t075.0.jpg,75,,,,,,,,,,,,,,,,,,,,
f_0016_t080.0.jpg,80,,,,,,,,,,,,,,,,,,,,
f_0017_t085.0.jpg,85,,,,,,,,,,,,,,,,,,,,
f_0018_t090.0.jpg,90,,,,,,,,,,,,,,,,,,,,
f_0019_t095.0.jpg,95,,,,,,,,,,,,,,,,,,,,
f_0020_t100.0.jpg,100,,,,,,,,,,,,,,,,,,,,
f_0021_t105.0.jpg,105,,,,,,,,,,,,,,,,,,,,
f_0022_t110.0.jpg,110,,,,,,,,,,,,,,,,,,,,
f_0023_t115.0.jpg,115,,,,,,,,,,,,,,,,,,,,
f_0024_t120.0.jpg,120,,,,,,,,,,,,,,,,,,,,
f_0025_t125.0.jpg,125,,,,,,,,,,,,,,,,,,,,
f_0026_t130.0.jpg,130,,,,,,,,,,,,,,,,,,,,
f_0027_t135.0.jpg,135,,,,,,,,,,,,,,,,,,,,
f_0028_t140.0.jpg,140,,,,,,,,,,,,,,,,,,,,
f_0029_t145.0.jpg,145,,,,,,,,,,,,,,,,,,,,
f_0030_t150.0.jpg,150,,,,,,,,,,,,,,,,,,,,
f_0031_t155.0.jpg,155,,,,,,,,,,,,,,,,,,,,
f_0032_t160.0.jpg,160,,,,,,,,,,,,,,,,,,,,
f_0033_t165.0.jpg,165,,,,,,,,,,,,,,,,,,,,
f_0034_t170.0.jpg,170,,,,,,,,,,,,,,,,,,,,
f_0035_t175.0.jpg,175,,,,,,,,,,,,,,,,,,,,
f_0036_t180.0.jpg,180,,,,,,,,,,,,,,,,,,,,
f_0037_t185.0.jpg,185,,,,,,,,,,,,,,,,,,,,
f_0038_t190.0.jpg,190,,,,,,,,,,,,,,,,,,,,
f_0039_t195.0.jpg,195,,,,,,,,,,,,,,,,,,,,
f_0040_t200.0.jpg,200,,,,,,,,,,,,,,,,,,,,
f_0041_t205.0.jpg,205,,,,,,,,,,,,,,,,,,,,
f_0042_t210.0.jpg,210,,,,,,,,,,,,,,,,,,,,
f_0043_t215.0.jpg,215,,,,,,,,,,,,,,,,,,,,
f_0044_t220.0.jpg,220,,,,,,,,,,,,,,,,,,,,
f_0045_t225.0.jpg,225,,,,,,,,,,,,,,,,,,,,
f_0046_t230.0.jpg,230,,,,,,,,,,,,,,,,,,,,
f_0047_t235.0.jpg,235,,,,,,,,,,,,,,,,,,,,
f_0048_t240.0.jpg,240,,,,,,,,,,,,,,,,,,,,
f_0049_t245.0.jpg,245,,,,,,,,,,,,,,,,,,,,
f_0050_t250.0.jpg,250,,,,,,,,,,,,,,,,,,,,
f_0051_t255.0.jpg,255,,,,,,,,,,,,,,,,,,,,
f_0052_t260.0.jpg,260,,,,,,,,,,,,,,,,,,,,
f_0053_t265.0.jpg,265,,,,,,,,,,,,,,,,,,,,
f_0054_t270.0.jpg,270,,,,,,,,,,,,,,,,,,,,
f_0055_t275.0.jpg,275,,,,,,,,,,,,,,,,,,,,
f_0056_t280.0.jpg,280,,,,,,,,,,,,,,,,,,,,
f_0057_t285.0.jpg,285,,,,,,,,,,,,,,,,,,,,
f_0058_t290.0.jpg,290,,,,,,,,,,,,,,,,,,,,
f_0059_t295.0.jpg,295,,,,,,,,,,,,,,,,,,,,
f_0060_t300.0.jpg,300,,,,,,,,,,,,,,,,,,,,
f_0061_t305.0.jpg,305,,,,,,,,,,,,,,,,,,,,
f_0062_t310.0.jpg,310,,,,,,,,,,,,,,,,,,,,
f_0063_t315.0.jpg,315,,,,,,,,,,,,,,,,,,,,
f_0064_t320.0.jpg,320,,,,,,,,,,,,,,,,,,,,
f_0065_t325.0.jpg,325,,,,,,,,,,,,,,,,,,,,
